ID,Product_Name,Category,Price,Stock,Rating,Reviews,Brand,Date_Added,Discount
1,Oil Son,Sports,64.55,95,2.1,228,BrandB,17-07-2024,33.83
2,Push Term,Toys,52.6,55,1.1,95,BrandB,11-05-2024,25.27
3,Resource Sit,Electronics,285.01,92,3.6,558,BrandD,18-05-2024,22.46
4,Only Citizen,Books,406.62,1,4,163,BrandD,17-03-2024,13.89
5,It Once,Clothing,479.03,44,1.4,389,BrandA,08-03-2024,42.37
6,That Most,Toys,139.62,6,3.9,549,BrandA,27-02-2024,3.94
7,Find Sound,Books,416.41,80,4.5,370,BrandE,01-06-2024,35.23
8,Month Whether,Electronics,334.02,99,2.2,81,BrandB,18-07-2024,19.01
9,American Approach,Home,321.49,47,1.7,363,BrandB,30-09-2023,13.35
10,Official Back,Sports,327.54,78,3.5,546,BrandB,16-06-2024,23.11
11,Learn While,Books,494.87,82,3.8,224,BrandC,10-08-2024,11.45
12,Room Industry,Electronics,404.47,52,2.1,216,BrandE,30-03-2024,10.63
13,Opportunity Range,Home,203.86,83,2.8,271,BrandB,04-05-2024,37.25
14,Teach Natural,Toys,138.74,75,2.7,597,BrandD,06-03-2024,10.97
15,Develop Stock,Clothing,259.67,12,4,881,BrandA,21-06-2024,31.37
16,Event Marriage,Sports,216.86,9,2.5,610,BrandD,12-12-2023,12.57
17,Beyond Place,Toys,431.78,2,3.7,117,BrandE,24-04-2024,38.43
18,All According,Books,64.66,56,1.6,3,BrandC,26-12-2023,38.1
19,Employee The,Toys,457.19,81,2.2,654,BrandE,01-11-2023,9.95
20,Society Girl,Books,383.63,70,4.8,944,BrandE,07-09-2024,29.95
21,Property Fast,Home,19.54,47,4.5,851,BrandC,08-05-2024,2.9
22,Lose Street,Toys,474.01,11,3.9,835,BrandA,10-12-2023,38.29
23,Husband Democratic,Clothing,333.28,71,1.7,540,BrandE,04-02-2024,48.22
24,Baby Single,Toys,380.08,89,1.8,319,BrandD,30-09-2023,32.49
25,You Program,Home,450.81,58,1.5,230,BrandA,18-03-2024,1.05
26,Cover Season,Toys,122.76,29,1,724,BrandA,13-05-2024,3.37
27,Dog World,Electronics,431.22,10,3.1,285,BrandD,21-05-2024,26.96
28,Ball Big,Sports,468.4,74,3.3,248,BrandD,12-02-2024,9.52
29,Office One,Electronics,332.9,46,2.7,478,BrandA,29-09-2023,32.67
30,Sure Yard,Sports,58.22,52,3.9,819,BrandA,03-05-2024,9.58
31,Ever Sing,Toys,229.82,55,1.7,473,BrandB,31-07-2024,22.16
32,Leave Focus,Toys,57.98,84,5,856,BrandA,22-07-2024,46.32
33,Soon West,Clothing,91.49,63,2.9,885,BrandD,08-08-2024,8.23
34,Anyone Performance,Electronics,492.8,34,4.7,803,BrandD,14-04-2024,21.15
35,Clear Black,Sports,497.76,72,3.6,498,BrandB,02-06-2024,14.84
36,Surface Value,Electronics,293.8,70,1.2,321,BrandA,13-08-2024,29.21
37,Knowledge Money,Toys,460.5,68,1.6,983,BrandE,28-07-2024,42.57
38,Name Draw,Electronics,301.57,87,4.4,413,BrandA,21-11-2023,12.31
39,Better Friend,Toys,29.47,11,2.7,597,BrandE,15-12-2023,15.82
40,During Many,Books,110.09,92,2.3,271,BrandD,02-07-2024,33.58
41,Along There,Books,234.04,97,4.7,9,BrandD,25-10-2023,49.92
42,Dog Into,Electronics,45.9,28,3,135,BrandC,03-08-2024,43.96
43,Vote Price,Books,149.64,57,4.3,720,BrandC,30-10-2023,49.19
44,Letter Catch,Sports,269.18,86,4.3,306,BrandA,01-07-2024,13.22
45,Can Brother,Electronics,373.78,20,2.1,619,BrandB,16-03-2024,10.18
46,Husband Approach,Sports,427.93,65,3,927,BrandA,22-07-2024,31.71
47,Expert Southern,Books,31.6,43,4.1,652,BrandC,17-06-2024,37.06
48,Evidence South,Toys,355.78,72,1,77,BrandB,03-12-2023,1.8
49,Good Pull,Books,295.43,19,2.7,42,BrandC,05-03-2024,44.95
50,Government Theory,Electronics,450.47,27,3.7,682,BrandA,10-03-2024,39.01
51,Whom Around,Home,487.18,96,1.6,952,BrandB,16-06-2024,48.81
52,Together Ten,Clothing,441.89,4,1.7,946,BrandC,10-02-2024,40.11
53,Politics Surface,Sports,407.27,35,1.6,718,BrandA,25-02-2024,43.61
54,Best Good,Home,118.99,59,2.4,840,BrandB,16-05-2024,1.18
55,Decide Yet,Clothing,205.25,36,4.5,990,BrandC,12-03-2024,32.07
56,Across Mrs,Home,342.96,69,2.3,28,BrandA,27-04-2024,8.93
57,Range List,Books,28.75,77,2.7,746,BrandC,28-01-2024,30.31
58,Later Happy,Toys,66.67,74,1.8,45,BrandD,07-09-2024,26
59,Dark Direction,Toys,346.56,95,3.9,201,BrandC,31-01-2024,3.5
60,Real Everyone,Sports,461.18,80,2.3,868,BrandA,07-04-2024,25.36
61,See Term,Sports,210.11,52,3.8,567,BrandB,01-06-2024,21.02
62,Second Whose,Home,341.89,23,3.5,308,BrandD,02-12-2023,41.69
63,Far Suggest,Books,150.59,56,4.1,621,BrandC,13-01-2024,22.09
64,Between Prepare,Sports,114.71,61,4.2,982,BrandB,06-10-2023,4.24
65,Respond Little,Toys,335.29,80,2.3,838,BrandB,29-09-2023,15.52
66,Amount Animal,Clothing,82.2,6,2,486,BrandE,01-08-2024,22.77
67,System Serve,Sports,292.08,92,3.8,506,BrandD,06-05-2024,7.38
68,Attention Bad,Sports,12.72,97,4.4,906,BrandA,03-02-2024,10.94
69,Building Perform,Sports,263.8,7,3.2,939,BrandA,18-01-2024,6.67
70,Interest Identify,Home,337.11,72,3.4,972,BrandD,30-10-2023,40.75
71,Across Degree,Toys,219.1,71,2.8,162,BrandD,21-01-2024,12.96
72,Play Support,Clothing,421.53,36,4.1,533,BrandD,23-10-2023,11.96
73,Front Figure,Home,47.97,37,1.9,343,BrandC,06-12-2023,4.03
74,Education Trouble,Clothing,123.32,89,1.6,219,BrandA,08-02-2024,20.38
75,Edge Age,Toys,238.3,8,1.8,430,BrandD,13-11-2023,47.3
76,Mrs Nothing,Electronics,429.8,98,3.3,488,BrandA,11-03-2024,14.93
77,Life Talk,Home,428.19,54,3.2,752,BrandE,04-11-2023,44.89
78,Will Explain,Home,117.52,56,2.9,398,BrandC,01-10-2023,33.96
79,Election Compare,Home,364.85,60,4.7,637,BrandE,25-08-2024,45.35
80,People Majority,Toys,286.55,4,1.3,438,BrandB,15-01-2024,9.09
81,Here Station,Books,195.76,28,2.8,345,BrandD,18-04-2024,37.6
82,Head Kitchen,Home,133.61,11,2.9,767,BrandE,12-08-2024,50
83,First Product,Books,119.87,9,4.1,667,BrandA,23-08-2024,47.48
84,Behavior North,Clothing,421.22,80,1.6,129,BrandD,01-10-2023,5.72
85,Natural Statement,Clothing,237.87,33,4.1,171,BrandE,02-11-2023,48.19
86,Light Bill,Sports,66.12,21,4.9,110,BrandE,25-08-2024,46.44
87,Measure Probably,Toys,341.9,49,2.6,732,BrandB,31-07-2024,29.6
88,Blue Order,Sports,129,90,4.1,870,BrandE,08-07-2024,39.81
89,Short Bar,Toys,393.49,45,3.1,677,BrandC,03-08-2024,25.3
90,Top Find,Books,16.2,54,4.3,108,BrandD,06-03-2024,31.78
91,Fund Prevent,Home,356.58,56,1.7,534,BrandC,28-10-2023,40.41
92,Lot Ahead,Toys,389.57,60,2.7,748,BrandE,23-04-2024,16.12
93,Air Wide,Clothing,417.06,12,2.1,461,BrandB,14-01-2024,28.49
94,Next Record,Sports,195.7,4,3,332,BrandB,02-01-2024,10.61
95,Blue South,Books,176.77,77,3.8,282,BrandE,02-09-2024,25.83
96,Music Hundred,Clothing,51.95,93,2.6,568,BrandB,20-09-2023,23.8
97,Yard Recently,Sports,250.5,3,1.4,226,BrandD,19-09-2023,12.17
98,Speech Project,Sports,294.96,61,3.2,352,BrandD,01-12-2023,16.54
99,Little Life,Sports,232.34,40,2,123,BrandB,30-03-2024,5.98
100,Maybe Professor,Toys,475.93,89,1.7,221,BrandD,19-04-2024,36.23
101,Bank Service,Toys,302.43,13,4.3,303,BrandB,07-03-2024,8.97
102,Like Garden,Electronics,356.93,17,2.1,997,BrandA,29-11-2023,14.61
103,Style Structure,Clothing,322.56,97,3,893,BrandA,19-11-2023,14.22
104,True Design,Home,225.83,24,4.9,258,BrandD,11-07-2024,41.11
105,Force Eye,Home,250.96,74,3.5,54,BrandB,23-06-2024,40.56
106,Now Prove,Books,51.74,32,1.5,782,BrandD,02-11-2023,29.81
107,Book Series,Toys,120.59,67,2.5,930,BrandD,08-04-2024,43.01
108,Child Money,Home,159.64,80,1.2,983,BrandA,24-05-2024,31.28
109,Beat Month,Books,333.61,21,2,565,BrandA,19-06-2024,0.13
110,Design Here,Home,347.79,61,2.2,237,BrandC,12-09-2023,14.14
111,Water Increase,Home,44.88,30,4.7,806,BrandE,05-10-2023,40.2
112,Add Discover,Clothing,218.32,70,1.9,152,BrandC,27-06-2024,3.57
113,Why They,Clothing,398.39,77,4,582,BrandC,27-01-2024,6.22
114,Science Sort,Sports,159,52,4.8,512,BrandE,30-12-2023,21.89
115,Mother Organization,Toys,29.53,56,3.9,618,BrandC,25-08-2024,4.57
116,Ground Spend,Sports,419.62,74,3.3,21,BrandC,17-11-2023,2.01
117,Long Far,Clothing,240.55,84,2.8,284,BrandB,13-11-2023,21.79
118,Serious Response,Home,484.84,61,2.4,341,BrandC,30-09-2023,5.23
119,Attention Young,Clothing,171.6,89,3,678,BrandD,01-12-2023,1.83
120,Large Each,Electronics,164.11,42,1.5,791,BrandD,19-12-2023,41.25
121,Social Author,Electronics,332.25,70,2.8,55,BrandB,17-12-2023,18.09
122,North By,Home,316.45,98,1.2,273,BrandE,02-07-2024,46.38
123,Here Audience,Home,441.61,63,1.5,996,BrandE,08-05-2024,35.49
124,Run Mean,Books,279.91,71,2.6,230,BrandA,15-01-2024,47.35
125,Free Wide,Sports,417.75,64,4.7,298,BrandE,12-09-2023,13.67
126,Sing Consumer,Home,490.32,32,2.8,148,BrandD,02-06-2024,46.09
127,Show Less,Toys,375.68,18,4.5,282,BrandD,17-03-2024,46.71
128,Cup Then,Toys,140.91,1,2.1,305,BrandE,16-11-2023,49.95
129,Find Order,Home,433.98,58,3.2,353,BrandC,30-11-2023,38.14
130,Mr Moment,Home,233.12,42,4.5,714,BrandB,20-11-2023,19.15
131,Interest Town,Home,31.39,96,2.9,935,BrandD,23-02-2024,49.42
132,Discover Thus,Sports,490.6,64,4.9,129,BrandE,10-11-2023,16.6
133,Born Whom,Electronics,438.35,57,1.4,932,BrandD,31-08-2024,36.12
134,Single You,Home,436.76,20,1.3,800,BrandC,18-03-2024,31.16
135,Production Grow,Home,328.42,43,4.4,879,BrandE,26-02-2024,47.71
136,Happen Action,Sports,362.17,98,3,554,BrandA,27-10-2023,3.42
137,Bring Put,Sports,345.36,37,5,764,BrandA,29-01-2024,48.92
138,Player Trip,Sports,354.91,13,2.8,710,BrandC,24-08-2024,2.3
139,Beautiful Including,Electronics,153.75,48,2.7,250,BrandE,10-02-2024,28.3
140,Across Group,Clothing,93.29,11,3.4,391,BrandE,24-09-2023,12.04
141,Among Because,Toys,80.13,60,3.6,470,BrandC,02-10-2023,0.47
142,Can So,Home,451.59,87,3.2,75,BrandD,15-03-2024,49.38
143,Listen Candidate,Books,323.08,55,3.8,467,BrandC,29-05-2024,49.97
144,Eat Attack,Home,62.26,49,3.3,588,BrandC,15-09-2023,14.76
145,Democratic Employee,Sports,203.94,2,3.3,702,BrandA,02-11-2023,37.26
146,Main Cause,Books,390.11,30,3.4,360,BrandB,18-10-2023,9.51
147,Instead Memory,Books,342.1,93,4.1,697,BrandB,22-10-2023,4.86
148,Economic Hear,Sports,326.71,40,4.2,34,BrandE,05-03-2024,36.62
149,Tv Ground,Electronics,455.72,42,4,179,BrandB,02-07-2024,39.33
150,Since Recognize,Books,270.12,35,4.3,263,BrandD,09-04-2024,37.33
151,He Second,Books,404.07,60,4.9,144,BrandB,27-09-2023,36.21
152,Understand Really,Home,483.96,72,2.5,809,BrandD,31-08-2024,13.22
153,Environment Goal,Electronics,232.85,87,4,268,BrandE,25-02-2024,41.12
154,Member Red,Books,63.09,30,2.9,634,BrandE,24-03-2024,45.76
155,Herself Method,Clothing,327.35,82,4.3,931,BrandC,11-10-2023,20.41
156,Bag Image,Clothing,32.22,5,2.2,504,BrandA,20-07-2024,11.74
157,Myself Now,Toys,76.48,59,2.5,972,BrandE,06-02-2024,29.37
158,Attorney Project,Sports,85.72,54,3.6,853,BrandD,28-10-2023,20.41
159,Despite Fish,Books,26.03,48,1.9,455,BrandB,06-03-2024,4.97
160,Job Close,Sports,189.99,83,2.4,407,BrandC,02-06-2024,48.41
161,All Use,Home,54.92,28,3.6,611,BrandA,13-08-2024,39.34
162,Itself Rate,Clothing,494.52,73,1.8,849,BrandE,24-05-2024,29.32
163,Former Whether,Clothing,170.99,19,4.2,610,BrandA,19-04-2024,42.92
164,Wall The,Clothing,493.89,70,2,178,BrandA,05-10-2023,43.32
165,Central Trade,Clothing,17.28,31,3.4,16,BrandB,25-04-2024,2.62
166,Between Detail,Sports,216.27,15,4,487,BrandD,06-03-2024,25.66
167,Such Win,Electronics,231.48,29,4.8,44,BrandE,06-04-2024,22.9
168,Either Believe,Electronics,39.8,62,4.4,436,BrandA,31-12-2023,35.62
169,Down Develop,Home,46.01,11,2.3,151,BrandA,05-07-2024,13.75
170,Miss Imagine,Sports,296.83,92,2.3,611,BrandE,10-04-2024,22.69
171,Help Yourself,Toys,220.8,90,1.5,670,BrandE,20-05-2024,21.5
172,Media Sit,Clothing,212.77,59,2.6,747,BrandA,31-03-2024,21.34
173,Across Purpose,Sports,134.9,20,3.7,485,BrandA,23-07-2024,41.59
174,Modern Entire,Electronics,221.62,96,4,831,BrandB,28-11-2023,3
175,Difficult Bag,Toys,285.22,86,1.5,362,BrandD,12-08-2024,48.42
176,Past Very,Toys,163.1,14,3.3,217,BrandB,07-10-2023,24.11
177,Kid Move,Electronics,181.56,72,2.5,780,BrandC,19-11-2023,11.31
178,Ever Commercial,Home,424.13,99,4.3,628,BrandE,25-08-2024,30.45
179,Cover Fast,Sports,416.44,35,1.1,279,BrandC,18-03-2024,17.55
180,Employee Cover,Clothing,436.23,73,3.6,71,BrandB,19-10-2023,48.59
181,Phone Report,Electronics,375.59,28,2.5,464,BrandC,19-06-2024,18.5
182,Republican Article,Sports,168.95,73,3.4,904,BrandA,20-06-2024,7.87
183,Instead Before,Toys,34.38,11,2.1,677,BrandD,03-01-2024,30.35
184,Realize Cut,Home,143.85,97,3,353,BrandD,13-07-2024,14.16
185,Reveal Until,Sports,300.64,68,3.7,46,BrandB,18-02-2024,49.22
186,Shoulder Through,Electronics,13.77,39,4.8,785,BrandB,30-04-2024,14.47
187,Though Best,Electronics,13.79,96,2.7,132,BrandD,10-12-2023,35.18
188,Community Necessary,Toys,283.77,86,4.2,73,BrandD,17-08-2024,21.81
189,Decade This,Home,461.37,41,3.3,587,BrandD,10-09-2023,32.01
190,Under Often,Books,66.43,3,4.9,175,BrandE,16-01-2024,41.6
191,Picture Figure,Books,53.18,14,2,603,BrandD,14-12-2023,3.93
192,Floor Dinner,Books,375.44,29,2.3,172,BrandA,21-12-2023,31.66
193,A Or,Toys,259.88,100,2.4,744,BrandB,10-05-2024,5.14
194,Painting People,Books,106.66,78,1.6,777,BrandA,09-06-2024,47.56
195,Particularly Message,Sports,252.12,97,3.3,593,BrandD,25-09-2023,46.21
196,Return Strategy,Toys,325.07,80,2.3,994,BrandC,22-06-2024,21.99
197,Much Together,Home,226.68,39,4.2,605,BrandA,11-03-2024,25.37
198,When Her,Books,236.25,5,1.2,851,BrandC,30-07-2024,32.23
199,Evidence Floor,Electronics,311.35,65,2.5,594,BrandE,17-08-2024,22.49
200,Every Among,Toys,329.4,42,3.4,513,BrandB,07-08-2024,22.53
201,Similar Type,Books,491.37,11,3,176,BrandA,04-05-2024,35.38
202,Film General,Home,266.79,79,1.6,381,BrandC,22-02-2024,20.44
203,Of Development,Books,342.66,7,4.2,662,BrandC,05-08-2024,16.48
204,Police Window,Toys,342.41,37,2,872,BrandE,23-06-2024,16.67
205,Skin Upon,Toys,335.17,45,2.2,671,BrandD,03-07-2024,29.75
206,Entire See,Electronics,161.7,49,3.6,336,BrandB,30-09-2023,35.14
207,Board Mention,Sports,498.61,68,1.4,686,BrandD,22-12-2023,18.09
208,After Ten,Books,161.34,28,2.4,784,BrandD,01-06-2024,11.33
209,Worry Perhaps,Clothing,85.92,38,4.4,103,BrandE,06-12-2023,41.76
210,Stop Approach,Toys,28.5,44,4.5,632,BrandB,07-11-2023,18.84
211,Especially Reflect,Clothing,98.61,89,4.1,828,BrandB,27-01-2024,2.18
212,Green End,Books,341.42,31,4.9,625,BrandC,22-01-2024,11.7
213,Rise Already,Clothing,161.64,61,4.6,198,BrandC,26-09-2023,47.36
214,Organization Successful,Home,236.22,37,4.1,514,BrandE,06-02-2024,48.31
215,Write Decade,Clothing,402.62,18,4.5,53,BrandD,01-03-2024,27.73
216,Store Scientist,Electronics,358.59,67,4.4,291,BrandA,17-06-2024,13.64
217,Decision Future,Toys,82.2,56,1.4,932,BrandB,21-01-2024,44.23
218,Sign Ten,Electronics,213.3,51,3,241,BrandD,28-07-2024,18.75
219,Concern Side,Electronics,166.16,13,4.4,665,BrandC,25-06-2024,6.88
220,Arm Continue,Books,459.52,61,3.8,142,BrandD,22-01-2024,30.77
221,Dream Expect,Electronics,19.31,28,4.3,561,BrandE,12-12-2023,21.16
222,Run Customer,Books,126.44,16,1.2,429,BrandE,17-01-2024,3.14
223,Senior Window,Home,302.4,3,3.5,588,BrandB,26-06-2024,14.56
224,Fill Recognize,Electronics,311.26,31,3.3,191,BrandA,14-12-2023,48.73
225,Within Figure,Electronics,477.17,70,3,519,BrandE,28-08-2024,19.52
226,Us Sense,Home,31.33,50,4.9,259,BrandA,09-03-2024,39.43
227,Head Wait,Books,128.15,85,3.5,790,BrandE,21-03-2024,6.67
228,Standard Next,Books,277.55,83,1.7,797,BrandD,17-09-2023,23.93
229,Tax Class,Clothing,407.63,9,3.9,966,BrandD,20-08-2024,14.67
230,Available Such,Electronics,397.64,6,2.3,317,BrandE,17-02-2024,49.46
231,Tree Record,Toys,241.97,5,4,195,BrandC,09-03-2024,43.11
232,Than Mother,Electronics,434.24,43,2.1,818,BrandC,28-01-2024,44.47
233,May Condition,Sports,225.47,50,2.4,191,BrandD,19-09-2023,24.88
234,Thought Hot,Toys,140.69,11,3.9,80,BrandD,04-11-2023,49.75
235,News Later,Clothing,277.28,42,1.4,335,BrandC,04-04-2024,22.3
236,Remain On,Sports,218.8,89,2.8,457,BrandA,11-03-2024,30.74
237,Voice Official,Home,144.53,8,1.3,652,BrandD,05-03-2024,25.65
238,Degree Allow,Sports,342.91,4,1.6,622,BrandD,21-08-2024,6.31
239,Opportunity Need,Clothing,391.47,47,2.4,972,BrandE,22-08-2024,30.25
240,Election Mission,Sports,230.46,48,2.5,781,BrandA,19-11-2023,6.88
241,When Rise,Books,205.04,84,2.1,983,BrandA,25-08-2024,36.78
242,Few Nothing,Home,263.7,72,1.5,793,BrandC,13-09-2023,22.31
243,Just Professor,Toys,149.93,63,1.8,138,BrandA,20-01-2024,8.63
244,Responsibility Factor,Sports,228.1,12,4.2,990,BrandC,02-10-2023,17.37
245,Memory Probably,Electronics,279.5,38,4.6,871,BrandB,09-09-2023,35.48
246,Republican Candidate,Sports,322.47,47,3,124,BrandB,28-06-2024,11.84
247,Avoid Send,Home,22.88,71,3.3,478,BrandE,03-07-2024,30.6
248,May Remain,Electronics,42.22,51,5,736,BrandD,13-12-2023,20.54
249,Brother Determine,Home,413.44,10,1.5,324,BrandA,21-01-2024,23.29
250,Customer Including,Toys,178.81,100,3.2,601,BrandB,03-07-2024,21.63
251,Recognize Protect,Electronics,417.38,67,1.6,168,BrandB,26-03-2024,46.74
252,Painting House,Clothing,179.55,67,4.6,866,BrandA,02-05-2024,9.82
253,Similar Popular,Toys,144.48,81,2.2,546,BrandA,25-12-2023,32.05
254,Big Staff,Toys,471.39,20,1.7,639,BrandE,19-03-2024,42.13
255,Lawyer Bit,Toys,30.19,4,1.3,971,BrandE,25-04-2024,32.56
256,Administration Boy,Toys,214.13,82,1.1,910,BrandE,12-04-2024,32.1
257,Despite Step,Books,246.64,88,2.6,464,BrandA,21-09-2023,3
258,Particularly Crime,Home,213.65,60,1.8,621,BrandB,31-03-2024,43.07
259,Population Reduce,Books,369.76,45,4.9,133,BrandC,19-12-2023,28.08
260,Serious Interesting,Books,128.45,16,2.1,253,BrandB,20-07-2024,2.53
261,Culture Growth,Home,433.44,54,2,886,BrandB,24-03-2024,46.69
262,Record The,Sports,163.23,98,1.6,527,BrandD,27-12-2023,43.95
263,Five Radio,Home,21.36,51,3,989,BrandB,20-05-2024,29.17
264,Near Happy,Electronics,34.76,64,3.4,863,BrandD,14-04-2024,26.83
265,Across Campaign,Electronics,221.15,34,3.9,782,BrandD,04-03-2024,2.26
266,Artist Campaign,Electronics,289.44,25,2.5,295,BrandA,23-02-2024,25.21
267,Wear Current,Toys,147.06,80,3.7,121,BrandB,20-07-2024,19.7
268,Artist Character,Books,283.34,47,4,203,BrandE,22-12-2023,20.07
269,Kid School,Electronics,32.2,18,3.9,823,BrandD,17-12-2023,22.85
270,Interest Reveal,Toys,447.63,18,2.3,627,BrandC,16-06-2024,19.65
271,Offer One,Toys,372.27,39,3.4,519,BrandE,10-12-2023,24.49
272,Serve Believe,Toys,156.9,3,2.5,689,BrandA,07-02-2024,29.19
273,Institution Commercial,Sports,437.33,81,1.1,485,BrandC,08-10-2023,39.15
274,Since Capital,Toys,293.04,93,1.2,491,BrandB,14-12-2023,31.45
275,Strong Hundred,Toys,389.56,49,1.6,697,BrandB,22-08-2024,28.63
276,Rise Age,Sports,63.85,3,2.8,428,BrandB,09-02-2024,34.53
277,Role What,Home,255.89,79,4.7,893,BrandA,12-09-2023,6.9
278,Rich Effect,Clothing,284.83,85,2.9,385,BrandC,11-06-2024,22.98
279,Boy Government,Toys,177.74,46,3.7,888,BrandC,31-10-2023,24.21
280,Mr Before,Clothing,146.71,39,1.9,996,BrandC,13-04-2024,35.25
281,Economic Deal,Sports,355.44,41,2.9,573,BrandC,13-04-2024,6.09
282,Though History,Sports,276.16,51,4.3,977,BrandB,12-04-2024,2.1
283,Might Total,Sports,48.72,57,3.6,765,BrandD,21-05-2024,10.1
284,Billion History,Toys,142.86,72,3.8,140,BrandA,28-10-2023,37.04
285,Night Result,Clothing,128.8,86,4.6,231,BrandB,12-08-2024,5.01
286,Like Environment,Books,361.51,13,3.7,140,BrandA,01-12-2023,48.9
287,Want Hotel,Clothing,209.38,61,2.9,204,BrandC,27-03-2024,14.27
288,Mind Almost,Electronics,454.89,12,3.6,237,BrandE,19-08-2024,45.66
289,Buy Race,Clothing,214.76,23,4.7,37,BrandD,29-12-2023,9.32
290,Doctor Type,Sports,481.44,38,4.5,9,BrandC,22-11-2023,30.14
291,Will Leave,Books,149.44,83,3.2,505,BrandB,24-12-2023,23.4
292,Take Can,Clothing,406.32,43,1.6,469,BrandC,04-06-2024,0.7
293,Actually I,Books,397.48,73,3.7,197,BrandB,31-10-2023,42.81
294,Major Lay,Home,415.23,66,2.3,410,BrandA,05-06-2024,49.08
295,Expert Himself,Home,168.56,32,1,392,BrandB,23-01-2024,37.69
296,Late Unit,Books,157.95,93,3.3,267,BrandC,19-09-2023,11.82
297,Able Might,Sports,67.93,40,1.6,702,BrandE,13-09-2023,38.49
298,Every National,Sports,67.53,38,2.5,226,BrandB,01-07-2024,23.91
299,Majority Consumer,Home,376.39,78,2.5,718,BrandE,10-01-2024,37.87
300,Doctor Sometimes,Sports,414.55,98,2,772,BrandE,28-07-2024,26.28
301,Rock Process,Toys,354.85,10,4.7,114,BrandA,02-12-2023,45.14
302,Usually Avoid,Clothing,290.62,20,1.7,874,BrandE,25-01-2024,5.81
303,Suggest Difference,Clothing,361.29,63,1.4,522,BrandD,10-08-2024,22.67
304,Age Writer,Toys,213.56,73,1.2,473,BrandC,27-08-2024,19.8
305,Option Seat,Electronics,375.44,75,1.3,433,BrandC,15-09-2023,3.19
306,Part Action,Electronics,467.95,9,4.9,483,BrandA,14-04-2024,20.44
307,Although Federal,Clothing,385.26,94,3.6,430,BrandC,25-02-2024,22.43
308,Military Through,Home,194.07,88,4.9,895,BrandE,01-07-2024,32.68
309,Stuff Inside,Books,68.13,69,2.6,130,BrandB,06-09-2024,37.81
310,Firm Similar,Books,236.87,93,3.2,544,BrandD,13-05-2024,12.38
311,Side See,Books,86.01,25,4.7,742,BrandA,22-08-2024,40.47
312,Go Half,Home,311.31,3,2,68,BrandA,08-11-2023,1.68
313,Land Her,Toys,339.29,7,2,45,BrandD,27-01-2024,11.72
314,Specific Worry,Clothing,379.65,100,1.2,515,BrandC,11-05-2024,40.79
315,Other Question,Sports,292.29,74,3.4,688,BrandC,09-05-2024,15.09
316,Lawyer Between,Clothing,492.99,67,1.9,307,BrandC,07-08-2024,27.84
317,Cover Big,Toys,441.06,23,3.5,437,BrandE,29-12-2023,2.34
318,Foreign Technology,Books,471.38,86,2.5,537,BrandC,17-09-2023,20.82
319,Be Call,Clothing,156.95,24,4,484,BrandB,15-05-2024,15.04
320,Me Tree,Sports,80.73,60,4.7,575,BrandD,07-02-2024,27.86
321,Glass Least,Clothing,200.33,33,1.8,662,BrandA,21-01-2024,42.36
322,Picture Test,Electronics,272.46,25,1.2,386,BrandE,04-11-2023,1.98
323,Head Owner,Electronics,102.2,98,3.4,687,BrandE,19-05-2024,23.97
324,Former Main,Books,158.56,2,1.8,194,BrandA,06-01-2024,45.72
325,Participant Pick,Sports,306.16,27,2.6,245,BrandE,27-03-2024,38.78
326,Anyone Yet,Home,238.46,84,2.4,267,BrandC,20-12-2023,44.14
327,Over Beautiful,Home,58.32,93,2.9,859,BrandC,26-05-2024,18.54
328,Case Such,Home,32.4,29,4,16,BrandC,29-11-2023,46.74
329,Moment Plan,Toys,362.81,38,1.6,337,BrandB,26-02-2024,28.49
330,Off Form,Clothing,254.66,84,4.8,345,BrandC,01-01-2024,48.33
331,Term Product,Sports,372.4,59,1.7,814,BrandC,13-06-2024,7
332,Ball Party,Toys,249.27,70,5,980,BrandA,14-12-2023,1.69
333,Increase Trouble,Electronics,473.14,86,1.2,6,BrandD,29-06-2024,42.13
334,Beyond Public,Clothing,43.3,20,1,517,BrandD,29-02-2024,3.02
335,Ok Industry,Sports,336.71,79,4.7,675,BrandD,30-08-2024,0.33
336,Within Project,Toys,211.56,3,3.1,281,BrandE,14-04-2024,0.86
337,Reach Church,Sports,340.28,23,1.4,98,BrandE,23-06-2024,12.05
338,West Religious,Toys,267.96,46,2.1,406,BrandA,29-02-2024,47.96
339,Their Month,Home,286.85,90,1.9,700,BrandA,09-10-2023,49.58
340,Yourself We,Sports,382.2,12,2.6,386,BrandE,08-01-2024,2.81
341,Outside Where,Electronics,354.39,11,3,444,BrandC,23-11-2023,48.87
342,Radio Hair,Electronics,448.45,6,1.9,922,BrandE,08-01-2024,13.55
343,Attack Great,Electronics,345.37,36,4.6,577,BrandA,08-06-2024,46.44
344,Face Themselves,Books,17.67,27,3.3,770,BrandD,30-07-2024,14.96
345,Lay Sport,Toys,127.83,50,3.7,553,BrandC,24-02-2024,37.78
346,Future When,Clothing,397.34,89,3.9,512,BrandC,11-08-2024,4.88
347,Woman Point,Clothing,420.95,44,3.4,628,BrandE,17-02-2024,48.45
348,Choice Area,Books,24.52,35,4.1,461,BrandD,14-05-2024,17.79
349,Force Lead,Home,221.61,88,3.3,389,BrandA,27-10-2023,14.77
350,Address Major,Clothing,359.42,11,2.1,389,BrandB,21-02-2024,15.83
351,Chance Meet,Electronics,54.85,40,2.8,779,BrandC,17-07-2024,6.63
352,Behind Especially,Clothing,221.18,72,3.2,417,BrandA,25-08-2024,4.48
353,Indeed Red,Toys,55.6,77,4.1,884,BrandD,01-09-2024,14.59
354,American Line,Home,391.79,93,4.6,926,BrandB,20-11-2023,26.06
355,Know Cell,Sports,196.56,18,2.1,274,BrandD,25-06-2024,3.16
356,Sister Measure,Home,145.22,39,2.9,78,BrandC,02-05-2024,47.21
357,Opportunity Seem,Sports,316.27,77,3.5,468,BrandA,30-06-2024,15.23
358,Matter Sing,Home,172.79,80,2.5,882,BrandC,26-01-2024,16.74
359,Teacher Brother,Sports,487.37,18,2.2,617,BrandB,06-01-2024,15.71
360,Pay Peace,Home,484.68,38,3.9,648,BrandD,18-11-2023,39.1
361,Tough Rise,Books,194.27,51,2.5,954,BrandE,28-05-2024,29.61
362,Citizen Himself,Toys,98.16,99,3.2,975,BrandD,11-09-2023,10.48
363,Almost Several,Books,417.33,9,4.3,814,BrandD,29-09-2023,24.97
364,Life Fact,Sports,158.39,33,3.6,732,BrandD,27-02-2024,3.7
365,Strong Sea,Toys,244.83,52,3.1,945,BrandD,04-12-2023,1.84
366,Consumer Successful,Books,353.8,69,3.4,936,BrandA,14-07-2024,38.45
367,Into Issue,Sports,335.7,22,3.6,45,BrandE,13-10-2023,33.87
368,Whom Form,Home,483.74,43,4.9,440,BrandA,02-09-2024,4.93
369,Movement Five,Clothing,260.23,67,3.2,704,BrandE,17-05-2024,22.29
370,Budget These,Home,236.9,87,3.4,512,BrandB,15-03-2024,49.89
371,Policy Key,Home,61.23,54,4.7,87,BrandA,27-06-2024,17.42
372,Base Kind,Books,233.11,27,3.1,356,BrandD,20-07-2024,21.91
373,Trade Whole,Sports,231.7,9,2.2,829,BrandA,27-08-2024,42.46
374,Civil Subject,Sports,63.59,22,4.7,758,BrandB,18-12-2023,8.72
375,War Medical,Clothing,172.18,55,4.8,237,BrandD,21-10-2023,9.22
376,Listen Scene,Sports,332.08,51,1.1,628,BrandB,21-01-2024,29.61
377,Ever Ability,Home,12.18,28,1.8,770,BrandA,17-11-2023,5.09
378,Business Great,Toys,101.61,42,1.8,116,BrandC,30-09-2023,43.13
379,Challenge Single,Toys,483.3,41,3.4,625,BrandD,12-11-2023,5.71
380,Chair Pressure,Books,424.3,80,1.7,689,BrandC,29-10-2023,29.51
381,Relate Make,Sports,75.63,16,2,119,BrandB,29-02-2024,34.67
382,Personal Position,Toys,200.35,77,1.6,392,BrandD,04-06-2024,24.33
383,Eat Improve,Toys,349.78,83,4.7,177,BrandE,14-06-2024,24.48
384,Tell We,Clothing,101.68,58,3.5,886,BrandC,03-09-2024,24.23
385,Six Happen,Clothing,409.46,72,3,506,BrandD,23-09-2023,24.59
386,Against Short,Sports,421.55,63,1.7,578,BrandA,18-05-2024,14.6
387,Your Program,Books,120.17,37,1.7,468,BrandE,29-12-2023,27.49
388,Almost Late,Electronics,290.63,35,4.1,843,BrandC,05-12-2023,41.13
389,Quality Sort,Electronics,382.4,57,3.2,435,BrandA,09-10-2023,37.57
390,Product Son,Books,438.66,5,2.8,356,BrandA,27-01-2024,43.26
391,Fact Unit,Electronics,390.06,31,1.8,755,BrandE,21-09-2023,17.53
392,Military Leg,Sports,309.03,55,1.7,142,BrandB,25-05-2024,40.27
393,Year Business,Toys,181.9,36,3.4,172,BrandC,13-09-2023,14.63
394,Travel Section,Toys,141,66,4.9,695,BrandA,30-06-2024,48.14
395,Choice Fill,Home,460.2,36,4.5,129,BrandB,03-05-2024,7.31
396,Growth Whether,Books,415.96,98,4.4,402,BrandD,27-06-2024,28.87
397,Leave One,Books,317.63,49,2.8,648,BrandA,14-02-2024,25.78
398,Pressure Ever,Books,350.4,48,2.8,499,BrandC,15-11-2023,0.12
399,Final Foreign,Sports,55.64,59,3.5,714,BrandC,06-08-2024,39.78
400,Travel Hope,Home,116.74,55,4.3,506,BrandC,26-03-2024,41.42
401,Get Happy,Books,278.18,17,3.3,496,BrandC,24-09-2023,38.11
402,Right Since,Electronics,58.79,59,1.1,951,BrandB,26-01-2024,22.83
403,Per Training,Home,109.14,89,4.6,903,BrandC,18-06-2024,43.72
404,Debate Seem,Books,55.74,47,2,380,BrandB,12-08-2024,19.82
405,However Recognize,Books,365.73,97,1.9,671,BrandA,13-09-2023,4.76
406,Season Certainly,Clothing,243.64,17,3.4,531,BrandD,03-09-2024,0.4
407,Current Blue,Books,410.38,55,3.8,489,BrandA,13-05-2024,19.15
408,Leg Arm,Sports,404.92,14,2.3,902,BrandC,29-06-2024,19.14
409,Buy Note,Clothing,324.37,87,1.6,543,BrandE,03-09-2024,30.52
410,Air Attack,Clothing,225.65,93,1.9,766,BrandB,10-02-2024,30.8
411,Option Should,Home,431.38,12,4.6,143,BrandA,11-11-2023,36.5
412,Former Night,Books,481.99,41,4.2,253,BrandC,13-10-2023,4.21
413,Paper Democratic,Toys,304.49,93,3.4,797,BrandA,06-10-2023,43.79
414,End Middle,Clothing,263.7,66,1.8,401,BrandC,13-10-2023,2.73
415,Member Join,Clothing,252.49,15,2,653,BrandE,02-08-2024,26.41
416,Former Story,Electronics,493.57,41,1.5,881,BrandE,05-02-2024,18.27
417,Character Rest,Sports,94.66,61,4.8,788,BrandA,30-08-2024,29.37
418,Build Interesting,Electronics,138.47,6,4.7,971,BrandD,23-12-2023,14.32
419,Win Trade,Sports,255.51,54,2.7,411,BrandA,16-10-2023,26.83
420,Toward Voice,Toys,84.81,11,2.2,523,BrandB,20-06-2024,26.82
421,Film Same,Home,297.35,98,4.3,697,BrandA,02-04-2024,34.93
422,Whose Coach,Sports,477.18,31,1.2,88,BrandD,10-07-2024,22.67
423,Manager At,Toys,36.96,86,4,758,BrandB,08-07-2024,0.63
424,Herself Direction,Clothing,353.73,21,3,355,BrandE,18-12-2023,39.15
425,Already Role,Sports,137.03,48,1.5,799,BrandC,09-07-2024,38.57
426,Goal Again,Electronics,174.16,55,2.1,65,BrandC,09-09-2023,48.75
427,All Say,Sports,47.76,59,3,56,BrandD,22-11-2023,8.34
428,Care Bad,Clothing,135.01,14,4.6,690,BrandA,14-05-2024,37.04
429,Letter Raise,Electronics,31.58,2,2,483,BrandC,24-02-2024,46.01
430,Catch Something,Clothing,466.27,5,3.2,935,BrandD,16-05-2024,16.09
431,Ability Open,Home,458.77,41,2.1,79,BrandE,01-03-2024,5.97
432,Bit Doctor,Sports,451.95,23,1.9,528,BrandA,15-02-2024,3.45
433,Who Technology,Home,434.36,100,4.4,335,BrandA,29-11-2023,22.84
434,Foreign Politics,Books,108.33,73,4.1,757,BrandE,06-05-2024,23.2
435,Agree Wide,Toys,486.21,99,4.1,750,BrandE,05-05-2024,7.53
436,Go Training,Home,21.72,70,2.4,859,BrandA,20-03-2024,0.07
437,Personal Environmental,Sports,194.37,95,3.9,106,BrandB,11-12-2023,49.16
438,Population Position,Home,251.09,8,4.9,145,BrandC,22-07-2024,2.2
439,Might Per,Clothing,449.67,67,2.7,917,BrandC,17-01-2024,48.73
440,Organization Home,Electronics,294.58,65,1.5,839,BrandD,31-07-2024,29.59
441,Traditional Compare,Electronics,223.14,17,1.9,267,BrandC,19-02-2024,35.04
442,Energy Environment,Sports,169.86,58,2.1,76,BrandB,30-06-2024,39
443,Effect Actually,Toys,63.4,14,1.7,477,BrandC,12-02-2024,6.04
444,Road Get,Books,482.67,27,2.8,474,BrandC,08-07-2024,4.52
445,Memory Nice,Sports,159.07,91,3.8,41,BrandB,24-03-2024,7.42
446,Into Tough,Sports,131.63,46,2.6,50,BrandC,27-04-2024,41
447,Industry Security,Clothing,25.23,52,4.4,569,BrandE,03-05-2024,4.74
448,Animal Hotel,Electronics,403.91,18,1.5,63,BrandB,03-07-2024,9.91
449,Threat Carry,Home,192.4,81,4.8,86,BrandE,12-11-2023,12.94
450,Will Sometimes,Electronics,20.68,9,1.8,661,BrandD,04-07-2024,4.6
451,Discover Everybody,Books,70.04,60,1.2,946,BrandE,30-01-2024,41.08
452,His Everything,Home,253.1,49,3.7,176,BrandC,21-05-2024,45.42
453,Again Upon,Books,147.13,20,1.1,634,BrandE,05-05-2024,32.36
454,Do Throw,Home,211.88,71,2.9,89,BrandC,24-02-2024,6.86
455,Radio Might,Clothing,324.9,68,2,821,BrandE,29-08-2024,49.47
456,Money Which,Sports,185.96,70,4.1,352,BrandE,25-12-2023,16.08
457,Military Strategy,Books,98.11,41,3.4,30,BrandC,09-08-2024,40.43
458,Write Husband,Home,269.42,99,3.3,238,BrandB,18-07-2024,12.39
459,Land Interview,Clothing,140.6,95,1.2,970,BrandB,18-11-2023,42.33
460,Ask Data,Home,183.85,23,1.7,606,BrandC,16-09-2023,17.94
461,Capital Size,Toys,23.82,90,2.4,581,BrandE,27-06-2024,28.16
462,Sometimes Smile,Clothing,419.98,64,3.2,179,BrandD,19-08-2024,4.51
463,Sometimes High,Clothing,304.81,3,3.1,0,BrandC,29-10-2023,10.07
464,Through Tree,Clothing,176.97,23,4.7,864,BrandC,08-08-2024,1.1
465,Great Family,Toys,355.3,19,4.1,866,BrandE,05-03-2024,48.03
466,Chance Field,Books,355.22,85,2.6,103,BrandC,06-04-2024,16.13
467,If Fact,Clothing,368.85,56,4.2,983,BrandD,11-10-2023,15.86
468,Stock Land,Sports,484.68,89,4.6,628,BrandC,16-05-2024,33.28
469,Sing Focus,Clothing,195.41,94,3.8,130,BrandB,07-09-2024,47.44
470,Consumer Paper,Toys,201.88,99,4.9,33,BrandB,04-11-2023,15.91
471,Mind Voice,Toys,118.24,73,1.4,508,BrandB,22-03-2024,37.27
472,Skill Resource,Clothing,179.94,41,1.7,906,BrandA,11-09-2023,33.5
473,Within Suggest,Sports,444.46,58,1,214,BrandB,19-09-2023,3.39
474,Behavior Peace,Books,395.64,93,1,395,BrandD,06-02-2024,48.46
475,Me Candidate,Home,251.61,49,2.4,384,BrandA,06-01-2024,39.44
476,General Help,Toys,328.98,88,1.9,462,BrandA,21-08-2024,14.75
477,Gas Responsibility,Books,137.95,14,1.3,174,BrandD,17-06-2024,36.6
478,Budget Support,Toys,471.5,12,2.4,628,BrandD,13-09-2023,1.55
479,Choose Growth,Sports,90.85,56,1.6,103,BrandC,25-05-2024,48.72
480,Box Game,Home,351.63,93,4.7,553,BrandC,05-10-2023,14.08
481,Push Media,Clothing,57,51,3.3,860,BrandD,21-06-2024,2.73
482,Service Animal,Electronics,219.53,38,4.3,640,BrandE,06-01-2024,9.98
483,Realize Customer,Electronics,111.41,82,2.2,83,BrandD,10-07-2024,15.42
484,Ever Begin,Home,240.76,85,2.1,657,BrandE,22-02-2024,9.24
485,Finally Six,Home,191.01,58,1.2,450,BrandD,26-04-2024,11.31
486,Decision Front,Books,286.48,20,4,683,BrandA,26-07-2024,33.41
487,Meet The,Toys,212.85,97,3.4,566,BrandA,22-02-2024,40.92
488,Win Difficult,Home,483.16,88,4.5,486,BrandE,10-05-2024,23.81
489,Could Like,Electronics,203.45,92,1.1,584,BrandE,20-11-2023,33.88
490,Chair Know,Toys,82.25,97,2.8,971,BrandB,22-05-2024,40.42
491,Activity Land,Clothing,30.91,11,5,445,BrandB,22-10-2023,7.39
492,Put Father,Toys,136.36,94,4.7,68,BrandA,22-02-2024,27.82
493,Reason Only,Toys,169.8,36,3.1,939,BrandA,15-09-2023,31.15
494,Call Husband,Toys,393.03,15,2.7,151,BrandE,11-11-2023,29.13
495,Would Newspaper,Electronics,463.21,73,4.1,804,BrandC,08-12-2023,44.01
496,Certainly Left,Home,139.43,84,2.9,623,BrandD,19-08-2024,8.61
497,Wonder Read,Home,80.49,78,3.7,411,BrandA,18-02-2024,44.48
498,Head Skin,Books,348.35,7,4,942,BrandC,01-03-2024,1.01
499,According High,Books,162.37,63,4.4,701,BrandA,14-05-2024,6.72
500,Least Democratic,Sports,227.12,42,2.1,426,BrandE,13-10-2023,4.46
